{
  "token_count": 77.0,
  "sentence_count": 4.0,
  "clause_count": 12.0,
  "operator_count": 15.0,
  "relation_count": 10.0,
  "operator_density_per_100_tokens": 19.48051948051948,
  "relation_density_per_100_tokens": 12.987012987012987,
  "positive_wave_density": 0.11935260948367121,
  "negative_wave_density": 0.10574647639346067,
  "logical_balance_ratio": 1.128667484291249,
  "net_logical_elevation": 0.013606133090210543,
  "surface_energy_density": 0.11534264974626988,
  "surface_roughness_density": 0.024104166215054977,
  "logical_tension_density": 0.017958383834626643,
  "operator_field_energy_density": 0.06458255678593376,
  "relation_field_raw_energy_density": 0.021186110840827655,
  "relation_field_energy_density": 0.021186110840827655,
  "relation_to_operator_energy_ratio_raw": 0.328046950990984,
  "relation_to_operator_energy_ratio": 0.328046950990984,
  "relation_energy_scale": 1.0,
  "branching_density": 1.2987012987012987,
  "contrast_pressure": 2.5974025974025974,
  "causal_inference_density": 9.09090909090909,
  "uncertainty_density": 2.5974025974025974,
  "implication_relation_density": 2.5974025974025974,
  "causal_relation_density": 1.2987012987012987,
  "contrast_relation_density": 2.5974025974025974,
  "branching_relation_density": 0.0,
  "list_disjunction_density": 1.2987012987012987,
  "negation_scope_density": 1.2987012987012987,
  "uncertainty_scope_density": 2.5974025974025974,
  "conclusion_force": 0.8415584415584416,
  "contrast_relation_pressure": 1.3464935064935064,
  "negation_scope_pressure": 0.49371428571428577,
  "uncertainty_scope_pressure": 0.48623376623376624,
  "argumentative_depth": 4.0,
  "scope_coverage_ratio": 0.7402597402597403,
  "bridge_coverage_ratio": 0.6363636363636364,
  "average_relation_confidence": 0.8160000000000001,
  "minimum_relation_confidence": 0.72,
  "semantic_stability": 0.7725424756353825
}