{
  "token_count": 77.0,
  "sentence_count": 4.0,
  "operator_count": 15.0,
  "relation_count": 10.0,
  "operator_density_per_100_tokens": 19.48051948051948,
  "relation_density_per_100_tokens": 12.987012987012987,
  "positive_wave_density": 0.5185036648466099,
  "negative_wave_density": 0.4415760980240075,
  "logical_balance_ratio": 1.1742113469611302,
  "net_logical_elevation": 0.07692756682260245,
  "surface_energy_density": 0.42993180838968903,
  "surface_roughness_density": 0.03523748841374447,
  "logical_tension_density": 0.3889430303473014,
  "operator_field_energy_density": 0.06458255678593376,
  "relation_field_energy_density": 0.35086832999587175,
  "relation_to_operator_energy_ratio": 5.432865272876464,
  "branching_density": 1.2987012987012987,
  "contrast_pressure": 2.5974025974025974,
  "causal_inference_density": 9.09090909090909,
  "uncertainty_density": 2.5974025974025974,
  "implication_relation_density": 2.5974025974025974,
  "causal_relation_density": 1.2987012987012987,
  "contrast_relation_density": 2.5974025974025974,
  "branching_relation_density": 1.2987012987012987,
  "negation_scope_density": 1.2987012987012987,
  "uncertainty_scope_density": 2.5974025974025974,
  "conclusion_force": 1.2337662337662336,
  "contrast_relation_pressure": 1.948051948051948,
  "negation_scope_pressure": 0.6233766233766234,
  "uncertainty_scope_pressure": 0.7272727272727272,
  "argumentative_depth": 6.0,
  "scope_coverage_ratio": 0.987012987012987,
  "semantic_stability": 0.4687597228858079
}