{
  "token_count": 77.0,
  "sentence_count": 4.0,
  "clause_count": 12.0,
  "operator_count": 15.0,
  "active_operator_count": 11.0,
  "mentioned_operator_count": 3.0,
  "list_connector_operator_count": 1.0,
  "relation_count": 10.0,
  "operator_density_per_100_tokens": 19.48051948051948,
  "active_operator_density_per_100_tokens": 15.584415584415584,
  "mentioned_operator_density_per_100_tokens": 3.896103896103896,
  "relation_density_per_100_tokens": 12.987012987012987,
  "positive_wave_density": 0.12582237787766104,
  "negative_wave_density": 0.09240929502777058,
  "logical_balance_ratio": 1.3615770777154967,
  "net_logical_elevation": 0.033413082849890446,
  "surface_energy_density": 0.12119484729210243,
  "surface_roughness_density": 0.022375390543845936,
  "logical_tension_density": 0.02413271771236587,
  "operator_field_energy_density": 0.060553234580261676,
  "relation_field_raw_energy_density": 0.024684653478597936,
  "relation_field_energy_density": 0.024684653478597936,
  "relation_to_operator_energy_ratio_raw": 0.40765210396612417,
  "relation_to_operator_energy_ratio": 0.40765210396612417,
  "relation_energy_scale": 1.0,
  "branching_density": 1.2987012987012987,
  "contrast_pressure": 2.5974025974025974,
  "causal_inference_density": 9.09090909090909,
  "uncertainty_density": 0.0,
  "implication_relation_density": 2.5974025974025974,
  "causal_relation_density": 1.2987012987012987,
  "contrast_relation_density": 2.5974025974025974,
  "branching_relation_density": 0.0,
  "list_disjunction_density": 1.2987012987012987,
  "negation_scope_density": 0.0,
  "uncertainty_scope_density": 0.0,
  "metalinguistic_mention_density": 3.896103896103896,
  "conclusion_force": 0.9584415584415584,
  "contrast_relation_pressure": 1.3464935064935064,
  "negation_scope_pressure": 0.0,
  "uncertainty_scope_pressure": 0.0,
  "argumentative_depth": 5.0,
  "scope_coverage_ratio": 0.987012987012987,
  "bridge_coverage_ratio": 0.8571428571428571,
  "average_relation_confidence": 0.8459999999999999,
  "minimum_relation_confidence": 0.72,
  "semantic_stability": 0.8021582009903485
}